{"cameraMode":{"drawMode":0,"name":"Shaded","section":"Shading Mode"},"sceneLighting":true,"audioPlay":false,"sceneViewState":{"m_AlwaysRefresh":false,"showFog":true,"showSkybox":true,"showFlares":true,"showImageEffects":true,"showParticleSystems":true,"showVisualEffectGraphs":true,"m_FxEnabled":true},"in2DMode":false,"pivot":{"x":-1.8168479204177857,"y":7.9935431480407719,"z":-9.057404518127442},"rotation":{"x":-0.3036789000034332,"y":0.01762649044394493,"z":-0.005618245806545019,"w":-0.9525995254516602},"size":0.8660253882408142,"orthographic":false}