{"cameraMode":{"drawMode":0,"name":"Shaded","section":"Shading Mode"},"sceneLighting":true,"audioPlay":false,"sceneViewState":{"m_AlwaysRefresh":false,"showFog":true,"showSkybox":true,"showFlares":true,"showImageEffects":true,"showParticleSystems":true,"showVisualEffectGraphs":true,"m_FxEnabled":true},"in2DMode":false,"pivot":{"x":-0.6574559807777405,"y":5.233564376831055,"z":-6.426687240600586},"rotation":{"x":-0.3584236800670624,"y":-0.012215527705848217,"z":0.004689874593168497,"w":-0.9334728717803955},"size":0.8660253882408142,"orthographic":false}